n_dimensions,n_samples,n_neigbors,leaf_size,algorithm,score,time_fit,time_predict
4,200,3,2,ball_tree,0.69,0.006998538970947266,0.006998538970947266
4,200,7,2,ball_tree,0.65,0.008000850677490234,0.008000850677490234
4,200,9,2,ball_tree,0.6,0.008005857467651367,0.008005857467651367
4,200,27,2,ball_tree,0.48,0.006997585296630859,0.006997585296630859
4,200,65,2,ball_tree,0.52,0.007994890213012695,0.007994890213012695
4,200,99,2,ball_tree,0.52,0.007999897003173828,0.007999897003173828
4,200,3,30,ball_tree,0.69,0.009002208709716797,0.009002208709716797
4,200,7,30,ball_tree,0.65,0.013000249862670898,0.013000249862670898
4,200,9,30,ball_tree,0.6,0.01299905776977539,0.01299905776977539
4,200,27,30,ball_tree,0.48,0.018999099731445312,0.018999099731445312
4,200,65,30,ball_tree,0.52,0.012001514434814453,0.012001514434814453
4,200,99,30,ball_tree,0.52,0.008999109268188477,0.008999109268188477
4,200,3,100,ball_tree,0.69,0.009000062942504883,0.009000062942504883
4,200,7,100,ball_tree,0.65,0.006998777389526367,0.006998777389526367
4,200,9,100,ball_tree,0.6,0.0070002079010009766,0.0070002079010009766
4,200,27,100,ball_tree,0.48,0.006999969482421875,0.006999969482421875
4,200,65,100,ball_tree,0.52,0.0070002079010009766,0.0070002079010009766
4,200,99,100,ball_tree,0.52,0.006999015808105469,0.006999015808105469
4,200,3,2,kd_tree,0.69,0.008000612258911133,0.008000612258911133
4,200,7,2,kd_tree,0.65,0.006999015808105469,0.006999015808105469
4,200,9,2,kd_tree,0.6,0.012999773025512695,0.012999773025512695
4,200,27,2,kd_tree,0.48,0.01000070571899414,0.01000070571899414
4,200,65,2,kd_tree,0.52,0.0110015869140625,0.0110015869140625
4,200,99,2,kd_tree,0.52,0.011997699737548828,0.011997699737548828
4,200,3,30,kd_tree,0.69,0.009001493453979492,0.009001493453979492
4,200,7,30,kd_tree,0.65,0.012999534606933594,0.012999534606933594
4,200,9,30,kd_tree,0.6,0.0110015869140625,0.0110015869140625
4,200,27,30,kd_tree,0.48,0.006997108459472656,0.006997108459472656
4,200,65,30,kd_tree,0.52,0.011001110076904297,0.011001110076904297
4,200,99,30,kd_tree,0.52,0.007999420166015625,0.007999420166015625
4,200,3,100,kd_tree,0.69,0.009999990463256836,0.009999990463256836
4,200,7,100,kd_tree,0.65,0.0069997310638427734,0.0069997310638427734
4,200,9,100,kd_tree,0.6,0.007998943328857422,0.007998943328857422
4,200,27,100,kd_tree,0.48,0.009000539779663086,0.009000539779663086
4,200,65,100,kd_tree,0.52,0.009000062942504883,0.009000062942504883
4,200,99,100,kd_tree,0.52,0.00699925422668457,0.00699925422668457
4,200,3,2,brute,0.69,0.006999492645263672,0.006999492645263672
4,200,7,2,brute,0.65,0.005999088287353516,0.005999088287353516
4,200,9,2,brute,0.6,0.007001638412475586,0.007001638412475586
4,200,27,2,brute,0.48,0.006999015808105469,0.006999015808105469
4,200,65,2,brute,0.52,0.0070002079010009766,0.0070002079010009766
4,200,99,2,brute,0.52,0.008000612258911133,0.008000612258911133
4,200,3,30,brute,0.69,0.0060002803802490234,0.0060002803802490234
4,200,7,30,brute,0.65,0.0070002079010009766,0.0070002079010009766
4,200,9,30,brute,0.6,0.006999492645263672,0.006999492645263672
4,200,27,30,brute,0.48,0.005999565124511719,0.005999565124511719
4,200,65,30,brute,0.52,0.008000612258911133,0.008000612258911133
4,200,99,30,brute,0.52,0.006999969482421875,0.006999969482421875
4,200,3,100,brute,0.69,0.0069997310638427734,0.0069997310638427734
4,200,7,100,brute,0.65,0.005999088287353516,0.005999088287353516
4,200,9,100,brute,0.6,0.0060002803802490234,0.0060002803802490234
4,200,27,100,brute,0.48,0.006000518798828125,0.006000518798828125
4,200,65,100,brute,0.52,0.007000446319580078,0.007000446319580078
4,200,99,100,brute,0.52,0.0070002079010009766,0.0070002079010009766
4,400,3,2,ball_tree,0.725,0.010998964309692383,0.010998964309692383
4,400,7,2,ball_tree,0.73,0.013001203536987305,0.013001203536987305
4,400,9,2,ball_tree,0.725,0.01299905776977539,0.01299905776977539
4,400,27,2,ball_tree,0.53,0.013000726699829102,0.013000726699829102
4,400,65,2,ball_tree,0.495,0.01800084114074707,0.01800084114074707
4,400,99,2,ball_tree,0.595,0.01599860191345215,0.01599860191345215
4,400,3,30,ball_tree,0.725,0.011999368667602539,0.011999368667602539
4,400,7,30,ball_tree,0.73,0.01200103759765625,0.01200103759765625
4,400,9,30,ball_tree,0.725,0.011999368667602539,0.011999368667602539
4,400,27,30,ball_tree,0.53,0.01300048828125,0.01300048828125
4,400,65,30,ball_tree,0.495,0.014000177383422852,0.014000177383422852
4,400,99,30,ball_tree,0.595,0.01399993896484375,0.01399993896484375
4,400,3,100,ball_tree,0.725,0.010998010635375977,0.010998010635375977
4,400,7,100,ball_tree,0.73,0.013002872467041016,0.013002872467041016
4,400,9,100,ball_tree,0.725,0.011998414993286133,0.011998414993286133
4,400,27,100,ball_tree,0.53,0.014002084732055664,0.014002084732055664
4,400,65,100,ball_tree,0.495,0.012998342514038086,0.012998342514038086
4,400,99,100,ball_tree,0.595,0.014999866485595703,0.014999866485595703
4,400,3,2,kd_tree,0.725,0.012001276016235352,0.012001276016235352
4,400,7,2,kd_tree,0.73,0.012998580932617188,0.012998580932617188
4,400,9,2,kd_tree,0.725,0.01200103759765625,0.01200103759765625
4,400,27,2,kd_tree,0.53,0.013999700546264648,0.013999700546264648
4,400,65,2,kd_tree,0.495,0.014999866485595703,0.014999866485595703
4,400,99,2,kd_tree,0.595,0.017999887466430664,0.017999887466430664
4,400,3,30,kd_tree,0.725,0.013000249862670898,0.013000249862670898
4,400,7,30,kd_tree,0.73,0.01399993896484375,0.01399993896484375
4,400,9,30,kd_tree,0.725,0.012999296188354492,0.012999296188354492
4,400,27,30,kd_tree,0.53,0.01299905776977539,0.01299905776977539
4,400,65,30,kd_tree,0.495,0.01300191879272461,0.01300191879272461
4,400,99,30,kd_tree,0.595,0.013999223709106445,0.013999223709106445
4,400,3,100,kd_tree,0.725,0.011999130249023438,0.011999130249023438
4,400,7,100,kd_tree,0.73,0.011000871658325195,0.011000871658325195
4,400,9,100,kd_tree,0.725,0.011998653411865234,0.011998653411865234
4,400,27,100,kd_tree,0.53,0.013000249862670898,0.013000249862670898
4,400,65,100,kd_tree,0.495,0.014000654220581055,0.014000654220581055
4,400,99,100,kd_tree,0.595,0.014999151229858398,0.014999151229858398
4,400,3,2,brute,0.725,0.01199960708618164,0.01199960708618164
4,400,7,2,brute,0.73,0.014001131057739258,0.014001131057739258
4,400,9,2,brute,0.725,0.011999845504760742,0.011999845504760742
4,400,27,2,brute,0.53,0.012999773025512695,0.012999773025512695
4,400,65,2,brute,0.495,0.014000415802001953,0.014000415802001953
4,400,99,2,brute,0.595,0.016998767852783203,0.016998767852783203
4,400,3,30,brute,0.725,0.015001535415649414,0.015001535415649414
4,400,7,30,brute,0.73,0.014000177383422852,0.014000177383422852
4,400,9,30,brute,0.725,0.014002561569213867,0.014002561569213867
4,400,27,30,brute,0.53,0.018002748489379883,0.018002748489379883
4,400,65,30,brute,0.495,0.013998270034790039,0.013998270034790039
4,400,99,30,brute,0.595,0.0180056095123291,0.0180056095123291
4,400,3,100,brute,0.725,0.014993906021118164,0.014993906021118164
4,400,7,100,brute,0.73,0.012997627258300781,0.012997627258300781
4,400,9,100,brute,0.725,0.014999866485595703,0.014999866485595703
4,400,27,100,brute,0.53,0.01600027084350586,0.01600027084350586
4,400,65,100,brute,0.495,0.017000436782836914,0.017000436782836914
4,400,99,100,brute,0.595,0.0169985294342041,0.0169985294342041
4,1000,3,2,ball_tree,0.716,0.03700399398803711,0.03700399398803711
4,1000,7,2,ball_tree,0.732,0.03499484062194824,0.03499484062194824
4,1000,9,2,ball_tree,0.712,0.03000020980834961,0.03000020980834961
4,1000,27,2,ball_tree,0.736,0.03199887275695801,0.03199887275695801
4,1000,65,2,ball_tree,0.518,0.03600144386291504,0.03600144386291504
4,1000,99,2,ball_tree,0.388,0.037998199462890625,0.037998199462890625
4,1000,3,30,ball_tree,0.716,0.0279998779296875,0.0279998779296875
4,1000,7,30,ball_tree,0.732,0.030000686645507812,0.030000686645507812
4,1000,9,30,ball_tree,0.712,0.02700018882751465,0.02700018882751465
4,1000,27,30,ball_tree,0.736,0.028998613357543945,0.028998613357543945
4,1000,65,30,ball_tree,0.518,0.03400111198425293,0.03400111198425293
4,1000,99,30,ball_tree,0.388,0.03599977493286133,0.03599977493286133
4,1000,3,100,ball_tree,0.716,0.0280001163482666,0.0280001163482666
4,1000,7,100,ball_tree,0.732,0.0279998779296875,0.0279998779296875
4,1000,9,100,ball_tree,0.712,0.029000282287597656,0.029000282287597656
4,1000,27,100,ball_tree,0.736,0.04099917411804199,0.04099917411804199
4,1000,65,100,ball_tree,0.518,0.03299975395202637,0.03299975395202637
4,1000,99,100,ball_tree,0.388,0.037000417709350586,0.037000417709350586
4,1000,3,2,kd_tree,0.716,0.0279996395111084,0.0279996395111084
4,1000,7,2,kd_tree,0.732,0.026999711990356445,0.026999711990356445
4,1000,9,2,kd_tree,0.712,0.028000593185424805,0.028000593185424805
4,1000,27,2,kd_tree,0.736,0.030999422073364258,0.030999422073364258
4,1000,65,2,kd_tree,0.518,0.03500032424926758,0.03500032424926758
4,1000,99,2,kd_tree,0.388,0.0390009880065918,0.0390009880065918
4,1000,3,30,kd_tree,0.716,0.02700042724609375,0.02700042724609375
4,1000,7,30,kd_tree,0.732,0.027998924255371094,0.027998924255371094
4,1000,9,30,kd_tree,0.712,0.02700042724609375,0.02700042724609375
4,1000,27,30,kd_tree,0.736,0.02900075912475586,0.02900075912475586
4,1000,65,30,kd_tree,0.518,0.03199887275695801,0.03199887275695801
4,1000,99,30,kd_tree,0.388,0.03299975395202637,0.03299975395202637
4,1000,3,100,kd_tree,0.716,0.02700018882751465,0.02700018882751465
4,1000,7,100,kd_tree,0.732,0.02700185775756836,0.02700185775756836
4,1000,9,100,kd_tree,0.712,0.027998685836791992,0.027998685836791992
4,1000,27,100,kd_tree,0.736,0.029000043869018555,0.029000043869018555
4,1000,65,100,kd_tree,0.518,0.03200173377990723,0.03200173377990723
4,1000,99,100,kd_tree,0.388,0.03499865531921387,0.03499865531921387
4,1000,3,2,brute,0.716,0.030998706817626953,0.030998706817626953
4,1000,7,2,brute,0.732,0.03500175476074219,0.03500175476074219
4,1000,9,2,brute,0.712,0.03599905967712402,0.03599905967712402
4,1000,27,2,brute,0.736,0.03500103950500488,0.03500103950500488
4,1000,65,2,brute,0.518,0.03999805450439453,0.03999805450439453
4,1000,99,2,brute,0.388,0.04800152778625488,0.04800152778625488
4,1000,3,30,brute,0.716,0.03499937057495117,0.03499937057495117
4,1000,7,30,brute,0.732,0.03400015830993652,0.03400015830993652
4,1000,9,30,brute,0.712,0.032999277114868164,0.032999277114868164
4,1000,27,30,brute,0.736,0.03400015830993652,0.03400015830993652
4,1000,65,30,brute,0.518,0.03699994087219238,0.03699994087219238
4,1000,99,30,brute,0.388,0.04200291633605957,0.04200291633605957
4,1000,3,100,brute,0.716,0.03299880027770996,0.03299880027770996
4,1000,7,100,brute,0.732,0.03199887275695801,0.03199887275695801
4,1000,9,100,brute,0.712,0.033998727798461914,0.033998727798461914
4,1000,27,100,brute,0.736,0.03500199317932129,0.03500199317932129
4,1000,65,100,brute,0.518,0.03599953651428223,0.03599953651428223
4,1000,99,100,brute,0.388,0.040999650955200195,0.040999650955200195
4,2000,3,2,ball_tree,0.737,0.053998708724975586,0.053998708724975586
4,2000,7,2,ball_tree,0.76,0.05299949645996094,0.05299949645996094
4,2000,9,2,ball_tree,0.757,0.055001258850097656,0.055001258850097656
4,2000,27,2,ball_tree,0.761,0.05800223350524902,0.05800223350524902
4,2000,65,2,ball_tree,0.747,0.07199692726135254,0.07199692726135254
4,2000,99,2,ball_tree,0.716,0.07900047302246094,0.07900047302246094
4,2000,3,30,ball_tree,0.737,0.05600142478942871,0.05600142478942871
4,2000,7,30,ball_tree,0.76,0.0579986572265625,0.0579986572265625
4,2000,9,30,ball_tree,0.757,0.061000823974609375,0.061000823974609375
4,2000,27,30,ball_tree,0.761,0.061998605728149414,0.061998605728149414
4,2000,65,30,ball_tree,0.747,0.06900453567504883,0.06900453567504883
4,2000,99,30,ball_tree,0.716,0.07399940490722656,0.07399940490722656
4,2000,3,100,ball_tree,0.737,0.05599570274353027,0.05599570274353027
4,2000,7,100,ball_tree,0.76,0.06600189208984375,0.06600189208984375
4,2000,9,100,ball_tree,0.757,0.07699918746948242,0.07699918746948242
4,2000,27,100,ball_tree,0.761,0.07700228691101074,0.07700228691101074
4,2000,65,100,ball_tree,0.747,0.06599807739257812,0.06599807739257812
4,2000,99,100,ball_tree,0.716,0.07200026512145996,0.07200026512145996
4,2000,3,2,kd_tree,0.737,0.05199885368347168,0.05199885368347168
4,2000,7,2,kd_tree,0.76,0.05299997329711914,0.05299997329711914
4,2000,9,2,kd_tree,0.757,0.05600166320800781,0.05600166320800781
4,2000,27,2,kd_tree,0.761,0.061998844146728516,0.061998844146728516
4,2000,65,2,kd_tree,0.747,0.07299971580505371,0.07299971580505371
4,2000,99,2,kd_tree,0.716,0.07900023460388184,0.07900023460388184
4,2000,3,30,kd_tree,0.737,0.05199933052062988,0.05199933052062988
4,2000,7,30,kd_tree,0.76,0.053000450134277344,0.053000450134277344
4,2000,9,30,kd_tree,0.757,0.05300283432006836,0.05300283432006836
4,2000,27,30,kd_tree,0.761,0.06399822235107422,0.06399822235107422
4,2000,65,30,kd_tree,0.747,0.069000244140625,0.069000244140625
4,2000,99,30,kd_tree,0.716,0.07799959182739258,0.07799959182739258
4,2000,3,100,kd_tree,0.737,0.061000823974609375,0.061000823974609375
4,2000,7,100,kd_tree,0.76,0.0619959831237793,0.0619959831237793
4,2000,9,100,kd_tree,0.757,0.05899786949157715,0.05899786949157715
4,2000,27,100,kd_tree,0.761,0.06200122833251953,0.06200122833251953
4,2000,65,100,kd_tree,0.747,0.06799983978271484,0.06799983978271484
4,2000,99,100,kd_tree,0.716,0.07300019264221191,0.07300019264221191
4,2000,3,2,brute,0.737,0.07999968528747559,0.07999968528747559
4,2000,7,2,brute,0.76,0.08700275421142578,0.08700275421142578
4,2000,9,2,brute,0.757,0.09399795532226562,0.09399795532226562
4,2000,27,2,brute,0.761,0.10199975967407227,0.10199975967407227
4,2000,65,2,brute,0.747,0.13300061225891113,0.13300061225891113
4,2000,99,2,brute,0.716,0.09999966621398926,0.09999966621398926
4,2000,3,30,brute,0.737,0.08199930191040039,0.08199930191040039
4,2000,7,30,brute,0.76,0.08099937438964844,0.08099937438964844
4,2000,9,30,brute,0.757,0.08299994468688965,0.08299994468688965
4,2000,27,30,brute,0.761,0.08400177955627441,0.08400177955627441
4,2000,65,30,brute,0.747,0.0989983081817627,0.0989983081817627
4,2000,99,30,brute,0.716,0.08999919891357422,0.08999919891357422
4,2000,3,100,brute,0.737,0.07800126075744629,0.07800126075744629
4,2000,7,100,brute,0.76,0.07899951934814453,0.07899951934814453
4,2000,9,100,brute,0.757,0.08000016212463379,0.08000016212463379
4,2000,27,100,brute,0.761,0.08300042152404785,0.08300042152404785
4,2000,65,100,brute,0.747,0.08900165557861328,0.08900165557861328
4,2000,99,100,brute,0.716,0.09099960327148438,0.09099960327148438
4,4000,3,2,ball_tree,0.745,0.10200285911560059,0.10200285911560059
4,4000,7,2,ball_tree,0.757,0.10799837112426758,0.10799837112426758
4,4000,9,2,ball_tree,0.76,0.10999846458435059,0.10999846458435059
4,4000,27,2,ball_tree,0.7645,0.11999988555908203,0.11999988555908203
4,4000,65,2,ball_tree,0.771,0.1770009994506836,0.1770009994506836
4,4000,99,2,ball_tree,0.768,0.1719951629638672,0.1719951629638672
4,4000,3,30,ball_tree,0.745,0.1080009937286377,0.1080009937286377
4,4000,7,30,ball_tree,0.757,0.1139988899230957,0.1139988899230957
4,4000,9,30,ball_tree,0.76,0.11800050735473633,0.11800050735473633
4,4000,27,30,ball_tree,0.7645,0.15000033378601074,0.15000033378601074
4,4000,65,30,ball_tree,0.771,0.14400005340576172,0.14400005340576172
4,4000,99,30,ball_tree,0.768,0.1549992561340332,0.1549992561340332
4,4000,3,100,ball_tree,0.745,0.10899949073791504,0.10899949073791504
4,4000,7,100,ball_tree,0.757,0.11699938774108887,0.11699938774108887
4,4000,9,100,ball_tree,0.76,0.12200021743774414,0.12200021743774414
4,4000,27,100,ball_tree,0.7645,0.13200044631958008,0.13200044631958008
4,4000,65,100,ball_tree,0.771,0.14399981498718262,0.14399981498718262
4,4000,99,100,ball_tree,0.768,0.1630089282989502,0.1630089282989502
4,4000,3,2,kd_tree,0.745,0.16999244689941406,0.16999244689941406
4,4000,7,2,kd_tree,0.757,0.16499829292297363,0.16499829292297363
4,4000,9,2,kd_tree,0.76,0.14100003242492676,0.14100003242492676
4,4000,27,2,kd_tree,0.7645,0.194000244140625,0.194000244140625
4,4000,65,2,kd_tree,0.771,0.2370002269744873,0.2370002269744873
4,4000,99,2,kd_tree,0.768,0.21200013160705566,0.21200013160705566
4,4000,3,30,kd_tree,0.745,0.10599946975708008,0.10599946975708008
4,4000,7,30,kd_tree,0.757,0.11900043487548828,0.11900043487548828
4,4000,9,30,kd_tree,0.76,0.10800004005432129,0.10800004005432129
4,4000,27,30,kd_tree,0.7645,0.11899876594543457,0.11899876594543457
4,4000,65,30,kd_tree,0.771,0.1320023536682129,0.1320023536682129
4,4000,99,30,kd_tree,0.768,0.14599895477294922,0.14599895477294922
4,4000,3,100,kd_tree,0.745,0.10400032997131348,0.10400032997131348
4,4000,7,100,kd_tree,0.757,0.1080009937286377,0.1080009937286377
4,4000,9,100,kd_tree,0.76,0.12999844551086426,0.12999844551086426
4,4000,27,100,kd_tree,0.7645,0.13700008392333984,0.13700008392333984
4,4000,65,100,kd_tree,0.771,0.12999963760375977,0.12999963760375977
4,4000,99,100,kd_tree,0.768,0.1420001983642578,0.1420001983642578
4,4000,3,2,brute,0.745,0.2090013027191162,0.2090013027191162
4,4000,7,2,brute,0.757,0.221998929977417,0.221998929977417
4,4000,9,2,brute,0.76,0.21900081634521484,0.21900081634521484
4,4000,27,2,brute,0.7645,0.2239990234375,0.2239990234375
4,4000,65,2,brute,0.771,0.2520005702972412,0.2520005702972412
4,4000,99,2,brute,0.768,0.31799983978271484,0.31799983978271484
4,4000,3,30,brute,0.745,0.28100109100341797,0.28100109100341797
4,4000,7,30,brute,0.757,0.2780001163482666,0.2780001163482666
4,4000,9,30,brute,0.76,0.2729990482330322,0.2729990482330322
4,4000,27,30,brute,0.7645,0.24899959564208984,0.24899959564208984
4,4000,65,30,brute,0.771,0.2570006847381592,0.2570006847381592
4,4000,99,30,brute,0.768,0.2719993591308594,0.2719993591308594
4,4000,3,100,brute,0.745,0.2180008888244629,0.2180008888244629
4,4000,7,100,brute,0.757,0.28100085258483887,0.28100085258483887
4,4000,9,100,brute,0.76,0.24000000953674316,0.24000000953674316
4,4000,27,100,brute,0.7645,0.24599862098693848,0.24599862098693848
4,4000,65,100,brute,0.771,0.24700045585632324,0.24700045585632324
4,4000,99,100,brute,0.768,0.2500004768371582,0.2500004768371582
9,200,3,2,ball_tree,0.48,0.006999969482421875,0.006999969482421875
9,200,7,2,ball_tree,0.5,0.007999181747436523,0.007999181747436523
9,200,9,2,ball_tree,0.52,0.00700068473815918,0.00700068473815918
9,200,27,2,ball_tree,0.57,0.008998632431030273,0.008998632431030273
9,200,65,2,ball_tree,0.52,0.007999897003173828,0.007999897003173828
9,200,99,2,ball_tree,0.46,0.006999492645263672,0.006999492645263672
9,200,3,30,ball_tree,0.48,0.007001638412475586,0.007001638412475586
9,200,7,30,ball_tree,0.5,0.0069997310638427734,0.0069997310638427734
9,200,9,30,ball_tree,0.52,0.00699925422668457,0.00699925422668457
9,200,27,30,ball_tree,0.57,0.007000923156738281,0.007000923156738281
9,200,65,30,ball_tree,0.52,0.008000373840332031,0.008000373840332031
9,200,99,30,ball_tree,0.46,0.007998943328857422,0.007998943328857422
9,200,3,100,ball_tree,0.48,0.00700068473815918,0.00700068473815918
9,200,7,100,ball_tree,0.5,0.007000446319580078,0.007000446319580078
9,200,9,100,ball_tree,0.52,0.0069997310638427734,0.0069997310638427734
9,200,27,100,ball_tree,0.57,0.007999897003173828,0.007999897003173828
9,200,65,100,ball_tree,0.52,0.007000923156738281,0.007000923156738281
9,200,99,100,ball_tree,0.46,0.00799870491027832,0.00799870491027832
9,200,3,2,kd_tree,0.48,0.006999969482421875,0.006999969482421875
9,200,7,2,kd_tree,0.5,0.008000373840332031,0.008000373840332031
9,200,9,2,kd_tree,0.52,0.007000923156738281,0.007000923156738281
9,200,27,2,kd_tree,0.57,0.00799870491027832,0.00799870491027832
9,200,65,2,kd_tree,0.52,0.008000373840332031,0.008000373840332031
9,200,99,2,kd_tree,0.46,0.009000539779663086,0.009000539779663086
9,200,3,30,kd_tree,0.48,0.0070002079010009766,0.0070002079010009766
9,200,7,30,kd_tree,0.5,0.005999088287353516,0.005999088287353516
9,200,9,30,kd_tree,0.52,0.008004188537597656,0.008004188537597656
9,200,27,30,kd_tree,0.57,0.00699615478515625,0.00699615478515625
9,200,65,30,kd_tree,0.52,0.00800013542175293,0.00800013542175293
9,200,99,30,kd_tree,0.46,0.007999420166015625,0.007999420166015625
9,200,3,100,kd_tree,0.48,0.0069997310638427734,0.0069997310638427734
9,200,7,100,kd_tree,0.5,0.00700068473815918,0.00700068473815918
9,200,9,100,kd_tree,0.52,0.0070037841796875,0.0070037841796875
9,200,27,100,kd_tree,0.57,0.00699615478515625,0.00699615478515625
9,200,65,100,kd_tree,0.52,0.007998466491699219,0.007998466491699219
9,200,99,100,kd_tree,0.46,0.008004426956176758,0.008004426956176758
9,200,3,2,brute,0.48,0.005998373031616211,0.005998373031616211
9,200,7,2,brute,0.5,0.006999492645263672,0.006999492645263672
9,200,9,2,brute,0.52,0.0060002803802490234,0.0060002803802490234
9,200,27,2,brute,0.57,0.007003307342529297,0.007003307342529297
9,200,65,2,brute,0.52,0.006996870040893555,0.006996870040893555
9,200,99,2,brute,0.46,0.008004426956176758,0.008004426956176758
9,200,3,30,brute,0.48,0.005993843078613281,0.005993843078613281
9,200,7,30,brute,0.5,0.007001638412475586,0.007001638412475586
9,200,9,30,brute,0.52,0.00699925422668457,0.00699925422668457
9,200,27,30,brute,0.57,0.00700068473815918,0.00700068473815918
9,200,65,30,brute,0.52,0.0069997310638427734,0.0069997310638427734
9,200,99,30,brute,0.46,0.007997989654541016,0.007997989654541016
9,200,3,100,brute,0.48,0.006002664566040039,0.006002664566040039
9,200,7,100,brute,0.5,0.007997512817382812,0.007997512817382812
9,200,9,100,brute,0.52,0.007001161575317383,0.007001161575317383
9,200,27,100,brute,0.57,0.00800013542175293,0.00800013542175293
9,200,65,100,brute,0.52,0.0069997310638427734,0.0069997310638427734
9,200,99,100,brute,0.46,0.009000539779663086,0.009000539779663086
9,400,3,2,ball_tree,0.485,0.011996746063232422,0.011996746063232422
9,400,7,2,ball_tree,0.53,0.01400136947631836,0.01400136947631836
9,400,9,2,ball_tree,0.5,0.013000249862670898,0.013000249862670898
9,400,27,2,ball_tree,0.52,0.012999773025512695,0.012999773025512695
9,400,65,2,ball_tree,0.515,0.01399993896484375,0.01399993896484375
9,400,99,2,ball_tree,0.54,0.01600050926208496,0.01600050926208496
9,400,3,30,ball_tree,0.485,0.01199960708618164,0.01199960708618164
9,400,7,30,ball_tree,0.53,0.011999845504760742,0.011999845504760742
9,400,9,30,ball_tree,0.5,0.011999368667602539,0.011999368667602539
9,400,27,30,ball_tree,0.52,0.013000249862670898,0.013000249862670898
9,400,65,30,ball_tree,0.515,0.012999534606933594,0.012999534606933594
9,400,99,30,ball_tree,0.54,0.015001058578491211,0.015001058578491211
9,400,3,100,ball_tree,0.485,0.011999845504760742,0.011999845504760742
9,400,7,100,ball_tree,0.53,0.011998891830444336,0.011998891830444336
9,400,9,100,ball_tree,0.5,0.01200103759765625,0.01200103759765625
9,400,27,100,ball_tree,0.52,0.01300048828125,0.01300048828125
9,400,65,100,ball_tree,0.515,0.013999223709106445,0.013999223709106445
9,400,99,100,ball_tree,0.54,0.0149993896484375,0.0149993896484375
9,400,3,2,kd_tree,0.485,0.012000799179077148,0.012000799179077148
9,400,7,2,kd_tree,0.53,0.011000633239746094,0.011000633239746094
9,400,9,2,kd_tree,0.5,0.01300048828125,0.01300048828125
9,400,27,2,kd_tree,0.52,0.013000965118408203,0.013000965118408203
9,400,65,2,kd_tree,0.515,0.014998674392700195,0.014998674392700195
9,400,99,2,kd_tree,0.54,0.016000747680664062,0.016000747680664062
9,400,3,30,kd_tree,0.485,0.011998891830444336,0.011998891830444336
9,400,7,30,kd_tree,0.53,0.013000011444091797,0.013000011444091797
9,400,9,30,kd_tree,0.5,0.01200246810913086,0.01200246810913086
9,400,27,30,kd_tree,0.52,0.011996030807495117,0.011996030807495117
9,400,65,30,kd_tree,0.515,0.014000654220581055,0.014000654220581055
9,400,99,30,kd_tree,0.54,0.016001224517822266,0.016001224517822266
9,400,3,100,kd_tree,0.485,0.011997699737548828,0.011997699737548828
9,400,7,100,kd_tree,0.53,0.01200246810913086,0.01200246810913086
9,400,9,100,kd_tree,0.5,0.012997865676879883,0.012997865676879883
9,400,27,100,kd_tree,0.52,0.013000965118408203,0.013000965118408203
9,400,65,100,kd_tree,0.515,0.013999223709106445,0.013999223709106445
9,400,99,100,kd_tree,0.54,0.014000177383422852,0.014000177383422852
9,400,3,2,brute,0.485,0.012999296188354492,0.012999296188354492
9,400,7,2,brute,0.53,0.011001348495483398,0.011001348495483398
9,400,9,2,brute,0.5,0.011998414993286133,0.011998414993286133
9,400,27,2,brute,0.52,0.012000322341918945,0.012000322341918945
9,400,65,2,brute,0.515,0.012998819351196289,0.012998819351196289
9,400,99,2,brute,0.54,0.014000892639160156,0.014000892639160156
9,400,3,30,brute,0.485,0.01100015640258789,0.01100015640258789
9,400,7,30,brute,0.53,0.011999368667602539,0.011999368667602539
9,400,9,30,brute,0.5,0.011999368667602539,0.011999368667602539
9,400,27,30,brute,0.52,0.01500082015991211,0.01500082015991211
9,400,65,30,brute,0.515,0.015002250671386719,0.015002250671386719
9,400,99,30,brute,0.54,0.012998342514038086,0.012998342514038086
9,400,3,100,brute,0.485,0.010999202728271484,0.010999202728271484
9,400,7,100,brute,0.53,0.012000799179077148,0.012000799179077148
9,400,9,100,brute,0.5,0.012998819351196289,0.012998819351196289
9,400,27,100,brute,0.52,0.012000083923339844,0.012000083923339844
9,400,65,100,brute,0.515,0.013000726699829102,0.013000726699829102
9,400,99,100,brute,0.54,0.013999700546264648,0.013999700546264648
9,1000,3,2,ball_tree,0.512,0.03400111198425293,0.03400111198425293
9,1000,7,2,ball_tree,0.52,0.0279998779296875,0.0279998779296875
9,1000,9,2,ball_tree,0.51,0.029000520706176758,0.029000520706176758
9,1000,27,2,ball_tree,0.484,0.029999732971191406,0.029999732971191406
9,1000,65,2,ball_tree,0.506,0.03499960899353027,0.03499960899353027
9,1000,99,2,ball_tree,0.504,0.03600025177001953,0.03600025177001953
9,1000,3,30,ball_tree,0.512,0.025998592376708984,0.025998592376708984
9,1000,7,30,ball_tree,0.52,0.029000043869018555,0.029000043869018555
9,1000,9,30,ball_tree,0.51,0.029001235961914062,0.029001235961914062
9,1000,27,30,ball_tree,0.484,0.029000043869018555,0.029000043869018555
9,1000,65,30,ball_tree,0.506,0.033998727798461914,0.033998727798461914
9,1000,99,30,ball_tree,0.504,0.03600120544433594,0.03600120544433594
9,1000,3,100,ball_tree,0.512,0.0279998779296875,0.0279998779296875
9,1000,7,100,ball_tree,0.52,0.029000520706176758,0.029000520706176758
9,1000,9,100,ball_tree,0.51,0.03799915313720703,0.03799915313720703
9,1000,27,100,ball_tree,0.484,0.04200100898742676,0.04200100898742676
9,1000,65,100,ball_tree,0.506,0.0540013313293457,0.0540013313293457
9,1000,99,100,ball_tree,0.504,0.044004201889038086,0.044004201889038086
9,1000,3,2,kd_tree,0.512,0.0359954833984375,0.0359954833984375
9,1000,7,2,kd_tree,0.52,0.03400015830993652,0.03400015830993652
9,1000,9,2,kd_tree,0.51,0.03200030326843262,0.03200030326843262
9,1000,27,2,kd_tree,0.484,0.03199958801269531,0.03199958801269531
9,1000,65,2,kd_tree,0.506,0.03599953651428223,0.03599953651428223
9,1000,99,2,kd_tree,0.504,0.0410008430480957,0.0410008430480957
9,1000,3,30,kd_tree,0.512,0.0279996395111084,0.0279996395111084
9,1000,7,30,kd_tree,0.52,0.027998685836791992,0.027998685836791992
9,1000,9,30,kd_tree,0.51,0.02800130844116211,0.02800130844116211
9,1000,27,30,kd_tree,0.484,0.029999494552612305,0.029999494552612305
9,1000,65,30,kd_tree,0.506,0.03199934959411621,0.03199934959411621
9,1000,99,30,kd_tree,0.504,0.04800128936767578,0.04800128936767578
9,1000,3,100,kd_tree,0.512,0.05300092697143555,0.05300092697143555
9,1000,7,100,kd_tree,0.52,0.05699944496154785,0.05699944496154785
9,1000,9,100,kd_tree,0.51,0.03299880027770996,0.03299880027770996
9,1000,27,100,kd_tree,0.484,0.031000852584838867,0.031000852584838867
9,1000,65,100,kd_tree,0.506,0.031998634338378906,0.031998634338378906
9,1000,99,100,kd_tree,0.504,0.03500032424926758,0.03500032424926758
9,1000,3,2,brute,0.512,0.031000614166259766,0.031000614166259766
9,1000,7,2,brute,0.52,0.036000728607177734,0.036000728607177734
9,1000,9,2,brute,0.51,0.03599858283996582,0.03599858283996582
9,1000,27,2,brute,0.484,0.0390009880065918,0.0390009880065918
9,1000,65,2,brute,0.506,0.04399991035461426,0.04399991035461426
9,1000,99,2,brute,0.504,0.0410001277923584,0.0410001277923584
9,1000,3,30,brute,0.512,0.03500008583068848,0.03500008583068848
9,1000,7,30,brute,0.52,0.037999629974365234,0.037999629974365234
9,1000,9,30,brute,0.51,0.03400015830993652,0.03400015830993652
9,1000,27,30,brute,0.484,0.035001277923583984,0.035001277923583984
9,1000,65,30,brute,0.506,0.04099917411804199,0.04099917411804199
9,1000,99,30,brute,0.504,0.03799915313720703,0.03799915313720703
9,1000,3,100,brute,0.512,0.03400087356567383,0.03400087356567383
9,1000,7,100,brute,0.52,0.03399968147277832,0.03399968147277832
9,1000,9,100,brute,0.51,0.03399968147277832,0.03399968147277832
9,1000,27,100,brute,0.484,0.03399944305419922,0.03399944305419922
9,1000,65,100,brute,0.506,0.036000967025756836,0.036000967025756836
9,1000,99,100,brute,0.504,0.04200029373168945,0.04200029373168945
9,2000,3,2,ball_tree,0.581,0.06100058555603027,0.06100058555603027
9,2000,7,2,ball_tree,0.582,0.0559992790222168,0.0559992790222168
9,2000,9,2,ball_tree,0.573,0.05500030517578125,0.05500030517578125
9,2000,27,2,ball_tree,0.526,0.059999942779541016,0.059999942779541016
9,2000,65,2,ball_tree,0.481,0.0970008373260498,0.0970008373260498
9,2000,99,2,ball_tree,0.493,0.10700035095214844,0.10700035095214844
9,2000,3,30,ball_tree,0.581,0.0579984188079834,0.0579984188079834
9,2000,7,30,ball_tree,0.582,0.0670020580291748,0.0670020580291748
9,2000,9,30,ball_tree,0.573,0.06299948692321777,0.06299948692321777
9,2000,27,30,ball_tree,0.526,0.0689997673034668,0.0689997673034668
9,2000,65,30,ball_tree,0.481,0.07400131225585938,0.07400131225585938
9,2000,99,30,ball_tree,0.493,0.08499979972839355,0.08499979972839355
9,2000,3,100,ball_tree,0.581,0.05900073051452637,0.05900073051452637
9,2000,7,100,ball_tree,0.582,0.059999942779541016,0.059999942779541016
9,2000,9,100,ball_tree,0.573,0.06699848175048828,0.06699848175048828
9,2000,27,100,ball_tree,0.526,0.08500123023986816,0.08500123023986816
9,2000,65,100,ball_tree,0.481,0.07699966430664062,0.07699966430664062
9,2000,99,100,ball_tree,0.493,0.07799983024597168,0.07799983024597168
9,2000,3,2,kd_tree,0.581,0.06100034713745117,0.06100034713745117
9,2000,7,2,kd_tree,0.582,0.07199954986572266,0.07199954986572266
9,2000,9,2,kd_tree,0.573,0.06399989128112793,0.06399989128112793
9,2000,27,2,kd_tree,0.526,0.0689992904663086,0.0689992904663086
9,2000,65,2,kd_tree,0.481,0.0840005874633789,0.0840005874633789
9,2000,99,2,kd_tree,0.493,0.09300041198730469,0.09300041198730469
9,2000,3,30,kd_tree,0.581,0.058999061584472656,0.058999061584472656
9,2000,7,30,kd_tree,0.582,0.06199908256530762,0.06199908256530762
9,2000,9,30,kd_tree,0.573,0.06200003623962402,0.06200003623962402
9,2000,27,30,kd_tree,0.526,0.07299995422363281,0.07299995422363281
9,2000,65,30,kd_tree,0.481,0.07800126075744629,0.07800126075744629
9,2000,99,30,kd_tree,0.493,0.07299923896789551,0.07299923896789551
9,2000,3,100,kd_tree,0.581,0.05800056457519531,0.05800056457519531
9,2000,7,100,kd_tree,0.582,0.06699919700622559,0.06699919700622559
9,2000,9,100,kd_tree,0.573,0.10500049591064453,0.10500049591064453
9,2000,27,100,kd_tree,0.526,0.07800078392028809,0.07800078392028809
9,2000,65,100,kd_tree,0.481,0.07799911499023438,0.07799911499023438
9,2000,99,100,kd_tree,0.493,0.0950005054473877,0.0950005054473877
9,2000,3,2,brute,0.581,0.08600020408630371,0.08600020408630371
9,2000,7,2,brute,0.582,0.08000016212463379,0.08000016212463379
9,2000,9,2,brute,0.573,0.08199834823608398,0.08199834823608398
9,2000,27,2,brute,0.526,0.08300137519836426,0.08300137519836426
9,2000,65,2,brute,0.481,0.0969996452331543,0.0969996452331543
9,2000,99,2,brute,0.493,0.09900045394897461,0.09900045394897461
9,2000,3,30,brute,0.581,0.08500075340270996,0.08500075340270996
9,2000,7,30,brute,0.582,0.0839996337890625,0.0839996337890625
9,2000,9,30,brute,0.573,0.08599996566772461,0.08599996566772461
9,2000,27,30,brute,0.526,0.08499836921691895,0.08499836921691895
9,2000,65,30,brute,0.481,0.09100151062011719,0.09100151062011719
9,2000,99,30,brute,0.493,0.09199857711791992,0.09199857711791992
9,2000,3,100,brute,0.581,0.0910029411315918,0.0910029411315918
9,2000,7,100,brute,0.582,0.10499906539916992,0.10499906539916992
9,2000,9,100,brute,0.573,0.09800028800964355,0.09800028800964355
9,2000,27,100,brute,0.526,0.09000015258789062,0.09000015258789062
9,2000,65,100,brute,0.481,0.10700106620788574,0.10700106620788574
9,2000,99,100,brute,0.493,0.10199880599975586,0.10199880599975586
9,4000,3,2,ball_tree,0.5405,0.12299990653991699,0.12299990653991699
9,4000,7,2,ball_tree,0.54,0.13099956512451172,0.13099956512451172
9,4000,9,2,ball_tree,0.538,0.12500238418579102,0.12500238418579102
9,4000,27,2,ball_tree,0.541,0.14999842643737793,0.14999842643737793
9,4000,65,2,ball_tree,0.5095,0.18400096893310547,0.18400096893310547
9,4000,99,2,ball_tree,0.4815,0.1829981803894043,0.1829981803894043
9,4000,3,30,ball_tree,0.5405,0.12700104713439941,0.12700104713439941
9,4000,7,30,ball_tree,0.54,0.15800023078918457,0.15800023078918457
9,4000,9,30,ball_tree,0.538,0.15500664710998535,0.15500664710998535
9,4000,27,30,ball_tree,0.541,0.17899823188781738,0.17899823188781738
9,4000,65,30,ball_tree,0.5095,0.15799355506896973,0.15799355506896973
9,4000,99,30,ball_tree,0.4815,0.17999958992004395,0.17999958992004395
9,4000,3,100,ball_tree,0.5405,0.18700170516967773,0.18700170516967773
9,4000,7,100,ball_tree,0.54,0.21199989318847656,0.21199989318847656
9,4000,9,100,ball_tree,0.538,0.1419999599456787,0.1419999599456787
9,4000,27,100,ball_tree,0.541,0.1750049591064453,0.1750049591064453
9,4000,65,100,ball_tree,0.5095,0.18199515342712402,0.18199515342712402
9,4000,99,100,ball_tree,0.4815,0.196000337600708,0.196000337600708
9,4000,3,2,kd_tree,0.5405,0.12999963760375977,0.12999963760375977
9,4000,7,2,kd_tree,0.54,0.1269989013671875,0.1269989013671875
9,4000,9,2,kd_tree,0.538,0.12199878692626953,0.12199878692626953
9,4000,27,2,kd_tree,0.541,0.12899994850158691,0.12899994850158691
9,4000,65,2,kd_tree,0.5095,0.14799976348876953,0.14799976348876953
9,4000,99,2,kd_tree,0.4815,0.18200039863586426,0.18200039863586426
9,4000,3,30,kd_tree,0.5405,0.11800026893615723,0.11800026893615723
9,4000,7,30,kd_tree,0.54,0.13500070571899414,0.13500070571899414
9,4000,9,30,kd_tree,0.538,0.1119992733001709,0.1119992733001709
9,4000,27,30,kd_tree,0.541,0.11899971961975098,0.11899971961975098
9,4000,65,30,kd_tree,0.5095,0.15000033378601074,0.15000033378601074
9,4000,99,30,kd_tree,0.4815,0.15999817848205566,0.15999817848205566
9,4000,3,100,kd_tree,0.5405,0.11100053787231445,0.11100053787231445
9,4000,7,100,kd_tree,0.54,0.11200118064880371,0.11200118064880371
9,4000,9,100,kd_tree,0.538,0.11099910736083984,0.11099910736083984
9,4000,27,100,kd_tree,0.541,0.12199974060058594,0.12199974060058594
9,4000,65,100,kd_tree,0.5095,0.1510012149810791,0.1510012149810791
9,4000,99,100,kd_tree,0.4815,0.16499876976013184,0.16499876976013184
9,4000,3,2,brute,0.5405,0.2350008487701416,0.2350008487701416
9,4000,7,2,brute,0.54,0.23800063133239746,0.23800063133239746
9,4000,9,2,brute,0.538,0.25099968910217285,0.25099968910217285
9,4000,27,2,brute,0.541,0.26600074768066406,0.26600074768066406
9,4000,65,2,brute,0.5095,0.23799848556518555,0.23799848556518555
9,4000,99,2,brute,0.4815,0.2839994430541992,0.2839994430541992
9,4000,3,30,brute,0.5405,0.2330009937286377,0.2330009937286377
9,4000,7,30,brute,0.54,0.23000025749206543,0.23000025749206543
9,4000,9,30,brute,0.538,0.21899938583374023,0.21899938583374023
9,4000,27,30,brute,0.541,0.22600007057189941,0.22600007057189941
9,4000,65,30,brute,0.5095,0.23999929428100586,0.23999929428100586
9,4000,99,30,brute,0.4815,0.34600114822387695,0.34600114822387695
9,4000,3,100,brute,0.5405,0.212998628616333,0.212998628616333
9,4000,7,100,brute,0.54,0.2499997615814209,0.2499997615814209
9,4000,9,100,brute,0.538,0.2520003318786621,0.2520003318786621
9,4000,27,100,brute,0.541,0.27500081062316895,0.27500081062316895
9,4000,65,100,brute,0.5095,0.28100013732910156,0.28100013732910156
9,4000,99,100,brute,0.4815,0.2709980010986328,0.2709980010986328
16,200,3,2,ball_tree,0.5,0.008002042770385742,0.008002042770385742
16,200,7,2,ball_tree,0.45,0.0069980621337890625,0.0069980621337890625
16,200,9,2,ball_tree,0.5,0.009005308151245117,0.009005308151245117
16,200,27,2,ball_tree,0.56,0.006994962692260742,0.006994962692260742
16,200,65,2,ball_tree,0.51,0.009000539779663086,0.009000539779663086
16,200,99,2,ball_tree,0.49,0.008999109268188477,0.008999109268188477
16,200,3,30,ball_tree,0.5,0.012000560760498047,0.012000560760498047
16,200,7,30,ball_tree,0.45,0.006999492645263672,0.006999492645263672
16,200,9,30,ball_tree,0.5,0.008001327514648438,0.008001327514648438
16,200,27,30,ball_tree,0.56,0.006998777389526367,0.006998777389526367
16,200,65,30,ball_tree,0.51,0.009003639221191406,0.009003639221191406
16,200,99,30,ball_tree,0.49,0.008996725082397461,0.008996725082397461
16,200,3,100,ball_tree,0.5,0.009000539779663086,0.009000539779663086
16,200,7,100,ball_tree,0.45,0.006998538970947266,0.006998538970947266
16,200,9,100,ball_tree,0.5,0.007004261016845703,0.007004261016845703
16,200,27,100,ball_tree,0.56,0.007996320724487305,0.007996320724487305
16,200,65,100,ball_tree,0.51,0.010009288787841797,0.010009288787841797
16,200,99,100,ball_tree,0.49,0.007990360260009766,0.007990360260009766
16,200,3,2,kd_tree,0.5,0.009000062942504883,0.009000062942504883
16,200,7,2,kd_tree,0.45,0.006000041961669922,0.006000041961669922
16,200,9,2,kd_tree,0.5,0.00700068473815918,0.00700068473815918
16,200,27,2,kd_tree,0.56,0.008000373840332031,0.008000373840332031
16,200,65,2,kd_tree,0.51,0.006998538970947266,0.006998538970947266
16,200,99,2,kd_tree,0.49,0.011000871658325195,0.011000871658325195
16,200,3,30,kd_tree,0.5,0.01100015640258789,0.01100015640258789
16,200,7,30,kd_tree,0.45,0.0069997310638427734,0.0069997310638427734
16,200,9,30,kd_tree,0.5,0.008001089096069336,0.008001089096069336
16,200,27,30,kd_tree,0.56,0.00699925422668457,0.00699925422668457
16,200,65,30,kd_tree,0.51,0.009001016616821289,0.009001016616821289
16,200,99,30,kd_tree,0.49,0.00999760627746582,0.00999760627746582
16,200,3,100,kd_tree,0.5,0.009000778198242188,0.009000778198242188
16,200,7,100,kd_tree,0.45,0.00800180435180664,0.00800180435180664
16,200,9,100,kd_tree,0.5,0.00800466537475586,0.00800466537475586
16,200,27,100,kd_tree,0.56,0.007993459701538086,0.007993459701538086
16,200,65,100,kd_tree,0.51,0.00900721549987793,0.00900721549987793
16,200,99,100,kd_tree,0.49,0.007992744445800781,0.007992744445800781
16,200,3,2,brute,0.5,0.009006500244140625,0.009006500244140625
16,200,7,2,brute,0.45,0.007993936538696289,0.007993936538696289
16,200,9,2,brute,0.5,0.0069997310638427734,0.0069997310638427734
16,200,27,2,brute,0.56,0.00899958610534668,0.00899958610534668
16,200,65,2,brute,0.51,0.007002353668212891,0.007002353668212891
16,200,99,2,brute,0.49,0.008998870849609375,0.008998870849609375
16,200,3,30,brute,0.5,0.008001089096069336,0.008001089096069336
16,200,7,30,brute,0.45,0.006998300552368164,0.006998300552368164
16,200,9,30,brute,0.5,0.006999969482421875,0.006999969482421875
16,200,27,30,brute,0.56,0.007999897003173828,0.007999897003173828
16,200,65,30,brute,0.51,0.006999969482421875,0.006999969482421875
16,200,99,30,brute,0.49,0.009000539779663086,0.009000539779663086
16,200,3,100,brute,0.5,0.005999565124511719,0.005999565124511719
16,200,7,100,brute,0.45,0.00800323486328125,0.00800323486328125
16,200,9,100,brute,0.5,0.006001949310302734,0.006001949310302734
16,200,27,100,brute,0.56,0.006995439529418945,0.006995439529418945
16,200,65,100,brute,0.51,0.007998943328857422,0.007998943328857422
16,200,99,100,brute,0.49,0.008001327514648438,0.008001327514648438
16,400,3,2,ball_tree,0.485,0.012995719909667969,0.012995719909667969
16,400,7,2,ball_tree,0.49,0.012000560760498047,0.012000560760498047
16,400,9,2,ball_tree,0.51,0.012000322341918945,0.012000322341918945
16,400,27,2,ball_tree,0.49,0.013000249862670898,0.013000249862670898
16,400,65,2,ball_tree,0.5,0.014005661010742188,0.014005661010742188
16,400,99,2,ball_tree,0.52,0.015993833541870117,0.015993833541870117
16,400,3,30,ball_tree,0.485,0.011999368667602539,0.011999368667602539
16,400,7,30,ball_tree,0.49,0.012000799179077148,0.012000799179077148
16,400,9,30,ball_tree,0.51,0.011999845504760742,0.011999845504760742
16,400,27,30,ball_tree,0.49,0.013003349304199219,0.013003349304199219
16,400,65,30,ball_tree,0.5,0.011998653411865234,0.011998653411865234
16,400,99,30,ball_tree,0.52,0.014000177383422852,0.014000177383422852
16,400,3,100,ball_tree,0.485,0.010999917984008789,0.010999917984008789
16,400,7,100,ball_tree,0.49,0.011000871658325195,0.011000871658325195
16,400,9,100,ball_tree,0.51,0.015999555587768555,0.015999555587768555
16,400,27,100,ball_tree,0.49,0.013991832733154297,0.013991832733154297
16,400,65,100,ball_tree,0.5,0.016000747680664062,0.016000747680664062
16,400,99,100,ball_tree,0.52,0.014999866485595703,0.014999866485595703
16,400,3,2,kd_tree,0.485,0.01300358772277832,0.01300358772277832
16,400,7,2,kd_tree,0.49,0.012995719909667969,0.012995719909667969
16,400,9,2,kd_tree,0.51,0.012999773025512695,0.012999773025512695
16,400,27,2,kd_tree,0.49,0.01500248908996582,0.01500248908996582
16,400,65,2,kd_tree,0.5,0.016002178192138672,0.016002178192138672
16,400,99,2,kd_tree,0.52,0.0169980525970459,0.0169980525970459
16,400,3,30,kd_tree,0.485,0.017000675201416016,0.017000675201416016
16,400,7,30,kd_tree,0.49,0.012996435165405273,0.012996435165405273
16,400,9,30,kd_tree,0.51,0.0190122127532959,0.0190122127532959
16,400,27,30,kd_tree,0.49,0.013988256454467773,0.013988256454467773
16,400,65,30,kd_tree,0.5,0.014000177383422852,0.014000177383422852
16,400,99,30,kd_tree,0.52,0.015001296997070312,0.015001296997070312
16,400,3,100,kd_tree,0.485,0.011998653411865234,0.011998653411865234
16,400,7,100,kd_tree,0.49,0.012999773025512695,0.012999773025512695
16,400,9,100,kd_tree,0.51,0.011999845504760742,0.011999845504760742
16,400,27,100,kd_tree,0.49,0.014001846313476562,0.014001846313476562
16,400,65,100,kd_tree,0.5,0.012998819351196289,0.012998819351196289
16,400,99,100,kd_tree,0.52,0.014000654220581055,0.014000654220581055
16,400,3,2,brute,0.485,0.012001514434814453,0.012001514434814453
16,400,7,2,brute,0.49,0.013006925582885742,0.013006925582885742
16,400,9,2,brute,0.51,0.011990547180175781,0.011990547180175781
16,400,27,2,brute,0.49,0.015003204345703125,0.015003204345703125
16,400,65,2,brute,0.5,0.0149993896484375,0.0149993896484375
16,400,99,2,brute,0.52,0.014000415802001953,0.014000415802001953
16,400,3,30,brute,0.485,0.012997150421142578,0.012997150421142578
16,400,7,30,brute,0.49,0.014002323150634766,0.014002323150634766
16,400,9,30,brute,0.51,0.015006780624389648,0.015006780624389648
16,400,27,30,brute,0.49,0.011993169784545898,0.011993169784545898
16,400,65,30,brute,0.5,0.013997316360473633,0.013997316360473633
16,400,99,30,brute,0.52,0.01399993896484375,0.01399993896484375
16,400,3,100,brute,0.485,0.01300191879272461,0.01300191879272461
16,400,7,100,brute,0.49,0.01199960708618164,0.01199960708618164
16,400,9,100,brute,0.51,0.01200103759765625,0.01200103759765625
16,400,27,100,brute,0.49,0.013997077941894531,0.013997077941894531
16,400,65,100,brute,0.5,0.015003204345703125,0.015003204345703125
16,400,99,100,brute,0.52,0.01399993896484375,0.01399993896484375
16,1000,3,2,ball_tree,0.482,0.028000831604003906,0.028000831604003906
16,1000,7,2,ball_tree,0.496,0.040997982025146484,0.040997982025146484
16,1000,9,2,ball_tree,0.512,0.026999473571777344,0.026999473571777344
16,1000,27,2,ball_tree,0.546,0.02800154685974121,0.02800154685974121
16,1000,65,2,ball_tree,0.508,0.03500008583068848,0.03500008583068848
16,1000,99,2,ball_tree,0.512,0.0429997444152832,0.0429997444152832
16,1000,3,30,ball_tree,0.482,0.02900218963623047,0.02900218963623047
16,1000,7,30,ball_tree,0.496,0.02799820899963379,0.02799820899963379
16,1000,9,30,ball_tree,0.512,0.029999732971191406,0.029999732971191406
16,1000,27,30,ball_tree,0.546,0.031000137329101562,0.031000137329101562
16,1000,65,30,ball_tree,0.508,0.03299999237060547,0.03299999237060547
16,1000,99,30,ball_tree,0.512,0.03300166130065918,0.03300166130065918
16,1000,3,100,ball_tree,0.482,0.026998043060302734,0.026998043060302734
16,1000,7,100,ball_tree,0.496,0.02700018882751465,0.02700018882751465
16,1000,9,100,ball_tree,0.512,0.0280001163482666,0.0280001163482666
16,1000,27,100,ball_tree,0.546,0.028999805450439453,0.028999805450439453
16,1000,65,100,ball_tree,0.508,0.03400015830993652,0.03400015830993652
16,1000,99,100,ball_tree,0.512,0.04699897766113281,0.04699897766113281
16,1000,3,2,kd_tree,0.482,0.027997493743896484,0.027997493743896484
16,1000,7,2,kd_tree,0.496,0.031000375747680664,0.031000375747680664
16,1000,9,2,kd_tree,0.512,0.03000330924987793,0.03000330924987793
16,1000,27,2,kd_tree,0.546,0.03299760818481445,0.03299760818481445
16,1000,65,2,kd_tree,0.508,0.03800082206726074,0.03800082206726074
16,1000,99,2,kd_tree,0.512,0.052999258041381836,0.052999258041381836
16,1000,3,30,kd_tree,0.482,0.03399968147277832,0.03399968147277832
16,1000,7,30,kd_tree,0.496,0.03300046920776367,0.03300046920776367
16,1000,9,30,kd_tree,0.512,0.03199934959411621,0.03199934959411621
16,1000,27,30,kd_tree,0.546,0.031000375747680664,0.031000375747680664
16,1000,65,30,kd_tree,0.508,0.03300189971923828,0.03300189971923828
16,1000,99,30,kd_tree,0.512,0.03399920463562012,0.03399920463562012
16,1000,3,100,kd_tree,0.482,0.029998779296875,0.029998779296875
16,1000,7,100,kd_tree,0.496,0.030001163482666016,0.030001163482666016
16,1000,9,100,kd_tree,0.512,0.028999805450439453,0.028999805450439453
16,1000,27,100,kd_tree,0.546,0.02799844741821289,0.02799844741821289
16,1000,65,100,kd_tree,0.508,0.03200173377990723,0.03200173377990723
16,1000,99,100,kd_tree,0.512,0.03399920463562012,0.03399920463562012
16,1000,3,2,brute,0.482,0.03199958801269531,0.03199958801269531
16,1000,7,2,brute,0.496,0.03200268745422363,0.03200268745422363
16,1000,9,2,brute,0.512,0.03099966049194336,0.03099966049194336
16,1000,27,2,brute,0.546,0.03300023078918457,0.03300023078918457
16,1000,65,2,brute,0.508,0.034999847412109375,0.034999847412109375
16,1000,99,2,brute,0.512,0.03599977493286133,0.03599977493286133
16,1000,3,30,brute,0.482,0.03300023078918457,0.03300023078918457
16,1000,7,30,brute,0.496,0.03400111198425293,0.03400111198425293
16,1000,9,30,brute,0.512,0.033998966217041016,0.033998966217041016
16,1000,27,30,brute,0.546,0.03600025177001953,0.03600025177001953
16,1000,65,30,brute,0.508,0.037000417709350586,0.037000417709350586
16,1000,99,30,brute,0.512,0.038999319076538086,0.038999319076538086
16,1000,3,100,brute,0.482,0.03499746322631836,0.03499746322631836
16,1000,7,100,brute,0.496,0.033002376556396484,0.033002376556396484
16,1000,9,100,brute,0.512,0.03299999237060547,0.03299999237060547
16,1000,27,100,brute,0.546,0.032997846603393555,0.032997846603393555
16,1000,65,100,brute,0.508,0.03500032424926758,0.03500032424926758
16,1000,99,100,brute,0.512,0.03700089454650879,0.03700089454650879
16,2000,3,2,ball_tree,0.5,0.0509953498840332,0.0509953498840332
16,2000,7,2,ball_tree,0.481,0.05300164222717285,0.05300164222717285
16,2000,9,2,ball_tree,0.476,0.05299973487854004,0.05299973487854004
16,2000,27,2,ball_tree,0.494,0.05700039863586426,0.05700039863586426
16,2000,65,2,ball_tree,0.524,0.06699967384338379,0.06699967384338379
16,2000,99,2,ball_tree,0.503,0.07400012016296387,0.07400012016296387
16,2000,3,30,ball_tree,0.5,0.05100059509277344,0.05100059509277344
16,2000,7,30,ball_tree,0.481,0.05199933052062988,0.05199933052062988
16,2000,9,30,ball_tree,0.476,0.053000688552856445,0.053000688552856445
16,2000,27,30,ball_tree,0.494,0.05599665641784668,0.05599665641784668
16,2000,65,30,ball_tree,0.524,0.061002492904663086,0.061002492904663086
16,2000,99,30,ball_tree,0.503,0.06899762153625488,0.06899762153625488
16,2000,3,100,ball_tree,0.5,0.05299997329711914,0.05299997329711914
16,2000,7,100,ball_tree,0.481,0.05500030517578125,0.05500030517578125
16,2000,9,100,ball_tree,0.476,0.05400228500366211,0.05400228500366211
16,2000,27,100,ball_tree,0.494,0.058997392654418945,0.058997392654418945
16,2000,65,100,ball_tree,0.524,0.06600046157836914,0.06600046157836914
16,2000,99,100,ball_tree,0.503,0.07499980926513672,0.07499980926513672
16,2000,3,2,kd_tree,0.5,0.05500030517578125,0.05500030517578125
16,2000,7,2,kd_tree,0.481,0.05600309371948242,0.05600309371948242
16,2000,9,2,kd_tree,0.476,0.05699753761291504,0.05699753761291504
16,2000,27,2,kd_tree,0.494,0.062006235122680664,0.062006235122680664
16,2000,65,2,kd_tree,0.524,0.06899333000183105,0.06899333000183105
16,2000,99,2,kd_tree,0.503,0.07699966430664062,0.07699966430664062
16,2000,3,30,kd_tree,0.5,0.05100297927856445,0.05100297927856445
16,2000,7,30,kd_tree,0.481,0.052999258041381836,0.052999258041381836
16,2000,9,30,kd_tree,0.476,0.051000118255615234,0.051000118255615234
16,2000,27,30,kd_tree,0.494,0.05399966239929199,0.05399966239929199
16,2000,65,30,kd_tree,0.524,0.059999942779541016,0.059999942779541016
16,2000,99,30,kd_tree,0.503,0.06599926948547363,0.06599926948547363
16,2000,3,100,kd_tree,0.5,0.05499839782714844,0.05499839782714844
16,2000,7,100,kd_tree,0.481,0.058000802993774414,0.058000802993774414
16,2000,9,100,kd_tree,0.476,0.058004140853881836,0.058004140853881836
16,2000,27,100,kd_tree,0.494,0.05899405479431152,0.05899405479431152
16,2000,65,100,kd_tree,0.524,0.06500124931335449,0.06500124931335449
16,2000,99,100,kd_tree,0.503,0.07000041007995605,0.07000041007995605
16,2000,3,2,brute,0.5,0.07299947738647461,0.07299947738647461
16,2000,7,2,brute,0.481,0.07800102233886719,0.07800102233886719
16,2000,9,2,brute,0.476,0.07699942588806152,0.07699942588806152
16,2000,27,2,brute,0.494,0.08100175857543945,0.08100175857543945
16,2000,65,2,brute,0.524,0.09200191497802734,0.09200191497802734
16,2000,99,2,brute,0.503,0.09799647331237793,0.09799647331237793
16,2000,3,30,brute,0.5,0.07899999618530273,0.07899999618530273
16,2000,7,30,brute,0.481,0.08099985122680664,0.08099985122680664
16,2000,9,30,brute,0.476,0.07799983024597168,0.07799983024597168
16,2000,27,30,brute,0.494,0.08100271224975586,0.08100271224975586
16,2000,65,30,brute,0.524,0.08999752998352051,0.08999752998352051
16,2000,99,30,brute,0.503,0.09400272369384766,0.09400272369384766
16,2000,3,100,brute,0.5,0.07800030708312988,0.07800030708312988
16,2000,7,100,brute,0.481,0.08699870109558105,0.08699870109558105
16,2000,9,100,brute,0.476,0.08299756050109863,0.08299756050109863
16,2000,27,100,brute,0.494,0.08500218391418457,0.08500218391418457
16,2000,65,100,brute,0.524,0.08999896049499512,0.08999896049499512
16,2000,99,100,brute,0.503,0.09099960327148438,0.09099960327148438
16,4000,3,2,ball_tree,0.5135,0.10399937629699707,0.10399937629699707
16,4000,7,2,ball_tree,0.514,0.10699820518493652,0.10699820518493652
16,4000,9,2,ball_tree,0.524,0.10700178146362305,0.10700178146362305
16,4000,27,2,ball_tree,0.535,0.11799812316894531,0.11799812316894531
16,4000,65,2,ball_tree,0.508,0.1400001049041748,0.1400001049041748
16,4000,99,2,ball_tree,0.5155,0.1660017967224121,0.1660017967224121
16,4000,3,30,ball_tree,0.5135,0.1029977798461914,0.1029977798461914
16,4000,7,30,ball_tree,0.514,0.10600137710571289,0.10600137710571289
16,4000,9,30,ball_tree,0.524,0.10700631141662598,0.10700631141662598
16,4000,27,30,ball_tree,0.535,0.11899352073669434,0.11899352073669434
16,4000,65,30,ball_tree,0.508,0.1360008716583252,0.1360008716583252
16,4000,99,30,ball_tree,0.5155,0.15000510215759277,0.15000510215759277
16,4000,3,100,ball_tree,0.5135,0.11699652671813965,0.11699652671813965
16,4000,7,100,ball_tree,0.514,0.12199759483337402,0.12199759483337402
16,4000,9,100,ball_tree,0.524,0.12700128555297852,0.12700128555297852
16,4000,27,100,ball_tree,0.535,0.1269989013671875,0.1269989013671875
16,4000,65,100,ball_tree,0.508,0.1439990997314453,0.1439990997314453
16,4000,99,100,ball_tree,0.5155,0.15700006484985352,0.15700006484985352
16,4000,3,2,kd_tree,0.5135,0.10200238227844238,0.10200238227844238
16,4000,7,2,kd_tree,0.514,0.10599803924560547,0.10599803924560547
16,4000,9,2,kd_tree,0.524,0.11700797080993652,0.11700797080993652
16,4000,27,2,kd_tree,0.535,0.12899208068847656,0.12899208068847656
16,4000,65,2,kd_tree,0.508,0.140000581741333,0.140000581741333
16,4000,99,2,kd_tree,0.5155,0.16200590133666992,0.16200590133666992
16,4000,3,30,kd_tree,0.5135,0.09899353981018066,0.09899353981018066
16,4000,7,30,kd_tree,0.514,0.11400222778320312,0.11400222778320312
16,4000,9,30,kd_tree,0.524,0.1159975528717041,0.1159975528717041
16,4000,27,30,kd_tree,0.535,0.11600065231323242,0.11600065231323242
16,4000,65,30,kd_tree,0.508,0.13000011444091797,0.13000011444091797
16,4000,99,30,kd_tree,0.5155,0.14800119400024414,0.14800119400024414
16,4000,3,100,kd_tree,0.5135,0.10799765586853027,0.10799765586853027
16,4000,7,100,kd_tree,0.514,0.11500024795532227,0.11500024795532227
16,4000,9,100,kd_tree,0.524,0.11500048637390137,0.11500048637390137
16,4000,27,100,kd_tree,0.535,0.13199996948242188,0.13199996948242188
16,4000,65,100,kd_tree,0.508,0.14400029182434082,0.14400029182434082
16,4000,99,100,kd_tree,0.5155,0.14599919319152832,0.14599919319152832
16,4000,3,2,brute,0.5135,0.20600104331970215,0.20600104331970215
16,4000,7,2,brute,0.514,0.20200133323669434,0.20200133323669434
16,4000,9,2,brute,0.524,0.21199846267700195,0.21199846267700195
16,4000,27,2,brute,0.535,0.21600079536437988,0.21600079536437988
16,4000,65,2,brute,0.508,0.22799897193908691,0.22799897193908691
16,4000,99,2,brute,0.5155,0.24199914932250977,0.24199914932250977
16,4000,3,30,brute,0.5135,0.1920027732849121,0.1920027732849121
16,4000,7,30,brute,0.514,0.20799899101257324,0.20799899101257324
16,4000,9,30,brute,0.524,0.20399880409240723,0.20399880409240723
16,4000,27,30,brute,0.535,0.2180020809173584,0.2180020809173584
16,4000,65,30,brute,0.508,0.21799993515014648,0.21799993515014648
16,4000,99,30,brute,0.5155,0.24199962615966797,0.24199962615966797
16,4000,3,100,brute,0.5135,0.212998628616333,0.212998628616333
16,4000,7,100,brute,0.514,0.2199995517730713,0.2199995517730713
16,4000,9,100,brute,0.524,0.2090003490447998,0.2090003490447998
16,4000,27,100,brute,0.535,0.21300172805786133,0.21300172805786133
16,4000,65,100,brute,0.508,0.23199701309204102,0.23199701309204102
16,4000,99,100,brute,0.5155,0.24000120162963867,0.24000120162963867
25,200,3,2,ball_tree,0.45,0.007001638412475586,0.007001638412475586
25,200,7,2,ball_tree,0.44,0.007000446319580078,0.007000446319580078
25,200,9,2,ball_tree,0.49,0.006997585296630859,0.006997585296630859
25,200,27,2,ball_tree,0.49,0.0069997310638427734,0.0069997310638427734
25,200,65,2,ball_tree,0.55,0.008002758026123047,0.008002758026123047
25,200,99,2,ball_tree,0.46,0.007999658584594727,0.007999658584594727
25,200,3,30,ball_tree,0.45,0.0059967041015625,0.0059967041015625
25,200,7,30,ball_tree,0.44,0.010000944137573242,0.010000944137573242
25,200,9,30,ball_tree,0.49,0.009003877639770508,0.009003877639770508
25,200,27,30,ball_tree,0.49,0.007998943328857422,0.007998943328857422
25,200,65,30,ball_tree,0.55,0.00799703598022461,0.00799703598022461
25,200,99,30,ball_tree,0.46,0.007998943328857422,0.007998943328857422
25,200,3,100,ball_tree,0.45,0.006999969482421875,0.006999969482421875
25,200,7,100,ball_tree,0.44,0.0070002079010009766,0.0070002079010009766
25,200,9,100,ball_tree,0.49,0.0070002079010009766,0.0070002079010009766
25,200,27,100,ball_tree,0.49,0.008000612258911133,0.008000612258911133
25,200,65,100,ball_tree,0.55,0.006999492645263672,0.006999492645263672
25,200,99,100,ball_tree,0.46,0.007996320724487305,0.007996320724487305
25,200,3,2,kd_tree,0.45,0.007002830505371094,0.007002830505371094
25,200,7,2,kd_tree,0.44,0.0060002803802490234,0.0060002803802490234
25,200,9,2,kd_tree,0.49,0.007999897003173828,0.007999897003173828
25,200,27,2,kd_tree,0.49,0.0070002079010009766,0.0070002079010009766
25,200,65,2,kd_tree,0.55,0.007996559143066406,0.007996559143066406
25,200,99,2,kd_tree,0.46,0.00899958610534668,0.00899958610534668
25,200,3,30,kd_tree,0.45,0.007002115249633789,0.007002115249633789
25,200,7,30,kd_tree,0.44,0.006005525588989258,0.006005525588989258
25,200,9,30,kd_tree,0.49,0.006996631622314453,0.006996631622314453
25,200,27,30,kd_tree,0.49,0.006997108459472656,0.006997108459472656
25,200,65,30,kd_tree,0.55,0.008000373840332031,0.008000373840332031
25,200,99,30,kd_tree,0.46,0.00800180435180664,0.00800180435180664
25,200,3,100,kd_tree,0.45,0.0069997310638427734,0.0069997310638427734
25,200,7,100,kd_tree,0.44,0.005998134613037109,0.005998134613037109
25,200,9,100,kd_tree,0.49,0.007002353668212891,0.007002353668212891
25,200,27,100,kd_tree,0.49,0.007000446319580078,0.007000446319580078
25,200,65,100,kd_tree,0.55,0.006999492645263672,0.006999492645263672
25,200,99,100,kd_tree,0.46,0.006999969482421875,0.006999969482421875
25,200,3,2,brute,0.45,0.005997657775878906,0.005997657775878906
25,200,7,2,brute,0.44,0.006000041961669922,0.006000041961669922
25,200,9,2,brute,0.49,0.006002187728881836,0.006002187728881836
25,200,27,2,brute,0.49,0.00700068473815918,0.00700068473815918
25,200,65,2,brute,0.55,0.005999326705932617,0.005999326705932617
25,200,99,2,brute,0.46,0.007999897003173828,0.007999897003173828
25,200,3,30,brute,0.45,0.006000041961669922,0.006000041961669922
25,200,7,30,brute,0.44,0.005997896194458008,0.005997896194458008
25,200,9,30,brute,0.49,0.007002115249633789,0.007002115249633789
25,200,27,30,brute,0.49,0.0060002803802490234,0.0060002803802490234
25,200,65,30,brute,0.55,0.0069997310638427734,0.0069997310638427734
25,200,99,30,brute,0.46,0.0070002079010009766,0.0070002079010009766
25,200,3,100,brute,0.45,0.00599980354309082,0.00599980354309082
25,200,7,100,brute,0.44,0.00599980354309082,0.00599980354309082
25,200,9,100,brute,0.49,0.0060007572174072266,0.0060007572174072266
25,200,27,100,brute,0.49,0.0069997310638427734,0.0069997310638427734
25,200,65,100,brute,0.55,0.006999492645263672,0.006999492645263672
25,200,99,100,brute,0.46,0.005998134613037109,0.005998134613037109
25,400,3,2,ball_tree,0.47,0.01100015640258789,0.01100015640258789
25,400,7,2,ball_tree,0.48,0.01199960708618164,0.01199960708618164
25,400,9,2,ball_tree,0.455,0.011000394821166992,0.011000394821166992
25,400,27,2,ball_tree,0.47,0.01199960708618164,0.01199960708618164
25,400,65,2,ball_tree,0.495,0.013000249862670898,0.013000249862670898
25,400,99,2,ball_tree,0.525,0.01600027084350586,0.01600027084350586
25,400,3,30,ball_tree,0.47,0.010999441146850586,0.010999441146850586
25,400,7,30,ball_tree,0.48,0.012000799179077148,0.012000799179077148
25,400,9,30,ball_tree,0.455,0.011997461318969727,0.011997461318969727
25,400,27,30,ball_tree,0.47,0.013003349304199219,0.013003349304199219
25,400,65,30,ball_tree,0.495,0.013999700546264648,0.013999700546264648
25,400,99,30,ball_tree,0.525,0.013999700546264648,0.013999700546264648
25,400,3,100,ball_tree,0.47,0.01200103759765625,0.01200103759765625
25,400,7,100,ball_tree,0.48,0.011998653411865234,0.011998653411865234
25,400,9,100,ball_tree,0.455,0.013000726699829102,0.013000726699829102
25,400,27,100,ball_tree,0.47,0.01199793815612793,0.01199793815612793
25,400,65,100,ball_tree,0.495,0.011999130249023438,0.011999130249023438
25,400,99,100,ball_tree,0.525,0.013997793197631836,0.013997793197631836
25,400,3,2,kd_tree,0.47,0.01200246810913086,0.01200246810913086
25,400,7,2,kd_tree,0.48,0.011999845504760742,0.011999845504760742
25,400,9,2,kd_tree,0.455,0.01199793815612793,0.01199793815612793
25,400,27,2,kd_tree,0.47,0.015004158020019531,0.015004158020019531
25,400,65,2,kd_tree,0.495,0.014995813369750977,0.014995813369750977
25,400,99,2,kd_tree,0.525,0.017001867294311523,0.017001867294311523
25,400,3,30,kd_tree,0.47,0.011997699737548828,0.011997699737548828
25,400,7,30,kd_tree,0.48,0.012003898620605469,0.012003898620605469
25,400,9,30,kd_tree,0.455,0.011998414993286133,0.011998414993286133
25,400,27,30,kd_tree,0.47,0.012000083923339844,0.012000083923339844
25,400,65,30,kd_tree,0.495,0.014000654220581055,0.014000654220581055
25,400,99,30,kd_tree,0.525,0.013999700546264648,0.013999700546264648
25,400,3,100,kd_tree,0.47,0.010999441146850586,0.010999441146850586
25,400,7,100,kd_tree,0.48,0.012000083923339844,0.012000083923339844
25,400,9,100,kd_tree,0.455,0.011997222900390625,0.011997222900390625
25,400,27,100,kd_tree,0.47,0.012003183364868164,0.012003183364868164
25,400,65,100,kd_tree,0.495,0.013000011444091797,0.013000011444091797
25,400,99,100,kd_tree,0.525,0.013998031616210938,0.013998031616210938
25,400,3,2,brute,0.47,0.010999202728271484,0.010999202728271484
25,400,7,2,brute,0.48,0.012003660202026367,0.012003660202026367
25,400,9,2,brute,0.455,0.01199650764465332,0.01199650764465332
25,400,27,2,brute,0.47,0.013000011444091797,0.013000011444091797
25,400,65,2,brute,0.495,0.014000892639160156,0.014000892639160156
25,400,99,2,brute,0.525,0.014006853103637695,0.014006853103637695
25,400,3,30,brute,0.47,0.010993003845214844,0.010993003845214844
25,400,7,30,brute,0.48,0.012998819351196289,0.012998819351196289
25,400,9,30,brute,0.455,0.012000322341918945,0.012000322341918945
25,400,27,30,brute,0.47,0.012000560760498047,0.012000560760498047
25,400,65,30,brute,0.495,0.011999130249023438,0.011999130249023438
25,400,99,30,brute,0.525,0.01300048828125,0.01300048828125
25,400,3,100,brute,0.47,0.011999368667602539,0.011999368667602539
25,400,7,100,brute,0.48,0.011000394821166992,0.011000394821166992
25,400,9,100,brute,0.455,0.012000560760498047,0.012000560760498047
25,400,27,100,brute,0.47,0.011999130249023438,0.011999130249023438
25,400,65,100,brute,0.495,0.012000560760498047,0.012000560760498047
25,400,99,100,brute,0.525,0.013000011444091797,0.013000011444091797
25,1000,3,2,ball_tree,0.506,0.02599954605102539,0.02599954605102539
25,1000,7,2,ball_tree,0.51,0.026998281478881836,0.026998281478881836
25,1000,9,2,ball_tree,0.494,0.027001380920410156,0.027001380920410156
25,1000,27,2,ball_tree,0.488,0.030000925064086914,0.030000925064086914
25,1000,65,2,ball_tree,0.484,0.03299903869628906,0.03299903869628906
25,1000,99,2,ball_tree,0.506,0.03600025177001953,0.03600025177001953
25,1000,3,30,ball_tree,0.506,0.02700042724609375,0.02700042724609375
25,1000,7,30,ball_tree,0.51,0.026999950408935547,0.026999950408935547
25,1000,9,30,ball_tree,0.494,0.02700042724609375,0.02700042724609375
25,1000,27,30,ball_tree,0.488,0.027998924255371094,0.027998924255371094
25,1000,65,30,ball_tree,0.484,0.031000614166259766,0.031000614166259766
25,1000,99,30,ball_tree,0.506,0.03399920463562012,0.03399920463562012
25,1000,3,100,ball_tree,0.506,0.02500009536743164,0.02500009536743164
25,1000,7,100,ball_tree,0.51,0.02700018882751465,0.02700018882751465
25,1000,9,100,ball_tree,0.494,0.028006553649902344,0.028006553649902344
25,1000,27,100,ball_tree,0.488,0.028994083404541016,0.028994083404541016
25,1000,65,100,ball_tree,0.484,0.03099966049194336,0.03099966049194336
25,1000,99,100,ball_tree,0.506,0.03399944305419922,0.03399944305419922
25,1000,3,2,kd_tree,0.506,0.027000904083251953,0.027000904083251953
25,1000,7,2,kd_tree,0.51,0.0279998779296875,0.0279998779296875
25,1000,9,2,kd_tree,0.494,0.026999473571777344,0.026999473571777344
25,1000,27,2,kd_tree,0.488,0.02899956703186035,0.02899956703186035
25,1000,65,2,kd_tree,0.484,0.03300285339355469,0.03300285339355469
25,1000,99,2,kd_tree,0.506,0.03800010681152344,0.03800010681152344
25,1000,3,30,kd_tree,0.506,0.02500009536743164,0.02500009536743164
25,1000,7,30,kd_tree,0.51,0.02699756622314453,0.02699756622314453
25,1000,9,30,kd_tree,0.494,0.0280001163482666,0.0280001163482666
25,1000,27,30,kd_tree,0.488,0.02700018882751465,0.02700018882751465
25,1000,65,30,kd_tree,0.484,0.031001806259155273,0.031001806259155273
25,1000,99,30,kd_tree,0.506,0.03300070762634277,0.03300070762634277
25,1000,3,100,kd_tree,0.506,0.026996850967407227,0.026996850967407227
25,1000,7,100,kd_tree,0.51,0.026000261306762695,0.026000261306762695
25,1000,9,100,kd_tree,0.494,0.0260007381439209,0.0260007381439209
25,1000,27,100,kd_tree,0.488,0.02800154685974121,0.02800154685974121
25,1000,65,100,kd_tree,0.484,0.029999732971191406,0.029999732971191406
25,1000,99,100,kd_tree,0.506,0.03299880027770996,0.03299880027770996
25,1000,3,2,brute,0.506,0.031999826431274414,0.031999826431274414
25,1000,7,2,brute,0.51,0.03299975395202637,0.03299975395202637
25,1000,9,2,brute,0.494,0.03199934959411621,0.03199934959411621
25,1000,27,2,brute,0.488,0.03200674057006836,0.03200674057006836
25,1000,65,2,brute,0.484,0.033995628356933594,0.033995628356933594
25,1000,99,2,brute,0.506,0.035997629165649414,0.035997629165649414
25,1000,3,30,brute,0.506,0.03100275993347168,0.03100275993347168
25,1000,7,30,brute,0.51,0.03200030326843262,0.03200030326843262
25,1000,9,30,brute,0.494,0.03099966049194336,0.03099966049194336
25,1000,27,30,brute,0.488,0.03299975395202637,0.03299975395202637
25,1000,65,30,brute,0.484,0.033000946044921875,0.033000946044921875
25,1000,99,30,brute,0.506,0.03599953651428223,0.03599953651428223
25,1000,3,100,brute,0.506,0.029999494552612305,0.029999494552612305
25,1000,7,100,brute,0.51,0.031000137329101562,0.031000137329101562
25,1000,9,100,brute,0.494,0.03300118446350098,0.03300118446350098
25,1000,27,100,brute,0.488,0.0339968204498291,0.0339968204498291
25,1000,65,100,brute,0.484,0.03399944305419922,0.03399944305419922
25,1000,99,100,brute,0.506,0.03499722480773926,0.03499722480773926
25,2000,3,2,ball_tree,0.501,0.05099940299987793,0.05099940299987793
25,2000,7,2,ball_tree,0.494,0.053000688552856445,0.053000688552856445
25,2000,9,2,ball_tree,0.509,0.05300307273864746,0.05300307273864746
25,2000,27,2,ball_tree,0.501,0.06899833679199219,0.06899833679199219
25,2000,65,2,ball_tree,0.501,0.07799959182739258,0.07799959182739258
25,2000,99,2,ball_tree,0.479,0.07799983024597168,0.07799983024597168
25,2000,3,30,ball_tree,0.501,0.05399942398071289,0.05399942398071289
25,2000,7,30,ball_tree,0.494,0.054999589920043945,0.054999589920043945
25,2000,9,30,ball_tree,0.509,0.054999351501464844,0.054999351501464844
25,2000,27,30,ball_tree,0.501,0.05800342559814453,0.05800342559814453
25,2000,65,30,ball_tree,0.501,0.06499743461608887,0.06499743461608887
25,2000,99,30,ball_tree,0.479,0.07200002670288086,0.07200002670288086
25,2000,3,100,ball_tree,0.501,0.05500149726867676,0.05500149726867676
25,2000,7,100,ball_tree,0.494,0.058000802993774414,0.058000802993774414
25,2000,9,100,ball_tree,0.509,0.056998252868652344,0.056998252868652344
25,2000,27,100,ball_tree,0.501,0.06200146675109863,0.06200146675109863
25,2000,65,100,ball_tree,0.501,0.07400035858154297,0.07400035858154297
25,2000,99,100,ball_tree,0.479,0.07300043106079102,0.07300043106079102
25,2000,3,2,kd_tree,0.501,0.09599709510803223,0.09599709510803223
25,2000,7,2,kd_tree,0.494,0.07100391387939453,0.07100391387939453
25,2000,9,2,kd_tree,0.509,0.05499601364135742,0.05499601364135742
25,2000,27,2,kd_tree,0.501,0.057999610900878906,0.057999610900878906
25,2000,65,2,kd_tree,0.501,0.0689992904663086,0.0689992904663086
25,2000,99,2,kd_tree,0.479,0.07700324058532715,0.07700324058532715
25,2000,3,30,kd_tree,0.501,0.051999807357788086,0.051999807357788086
25,2000,7,30,kd_tree,0.494,0.05199742317199707,0.05199742317199707
25,2000,9,30,kd_tree,0.509,0.05400347709655762,0.05400347709655762
25,2000,27,30,kd_tree,0.501,0.05499696731567383,0.05499696731567383
25,2000,65,30,kd_tree,0.501,0.06299948692321777,0.06299948692321777
25,2000,99,30,kd_tree,0.479,0.07200074195861816,0.07200074195861816
25,2000,3,100,kd_tree,0.501,0.05300188064575195,0.05300188064575195
25,2000,7,100,kd_tree,0.494,0.053999900817871094,0.053999900817871094
25,2000,9,100,kd_tree,0.509,0.053000450134277344,0.053000450134277344
25,2000,27,100,kd_tree,0.501,0.0559995174407959,0.0559995174407959
25,2000,65,100,kd_tree,0.501,0.06100058555603027,0.06100058555603027
25,2000,99,100,kd_tree,0.479,0.07200002670288086,0.07200002670288086
25,2000,3,2,brute,0.501,0.07699966430664062,0.07699966430664062
25,2000,7,2,brute,0.494,0.08000063896179199,0.08000063896179199
25,2000,9,2,brute,0.509,0.08299756050109863,0.08299756050109863
25,2000,27,2,brute,0.501,0.07899928092956543,0.07899928092956543
25,2000,65,2,brute,0.501,0.08400201797485352,0.08400201797485352
25,2000,99,2,brute,0.479,0.08900022506713867,0.08900022506713867
25,2000,3,30,brute,0.501,0.0710000991821289,0.0710000991821289
25,2000,7,30,brute,0.494,0.07599830627441406,0.07599830627441406
25,2000,9,30,brute,0.509,0.07599949836730957,0.07599949836730957
25,2000,27,30,brute,0.501,0.07799983024597168,0.07799983024597168
25,2000,65,30,brute,0.501,0.08600091934204102,0.08600091934204102
25,2000,99,30,brute,0.479,0.08699917793273926,0.08699917793273926
25,2000,3,100,brute,0.501,0.07300043106079102,0.07300043106079102
25,2000,7,100,brute,0.494,0.07599925994873047,0.07599925994873047
25,2000,9,100,brute,0.509,0.07800006866455078,0.07800006866455078
25,2000,27,100,brute,0.501,0.08000016212463379,0.08000016212463379
25,2000,65,100,brute,0.501,0.0820000171661377,0.0820000171661377
25,2000,99,100,brute,0.479,0.08499908447265625,0.08499908447265625
25,4000,3,2,ball_tree,0.5135,0.10199832916259766,0.10199832916259766
25,4000,7,2,ball_tree,0.4905,0.10500168800354004,0.10500168800354004
25,4000,9,2,ball_tree,0.4925,0.10399961471557617,0.10399961471557617
25,4000,27,2,ball_tree,0.489,0.11500048637390137,0.11500048637390137
25,4000,65,2,ball_tree,0.5,0.13699674606323242,0.13699674606323242
25,4000,99,2,ball_tree,0.494,0.1530003547668457,0.1530003547668457
25,4000,3,30,ball_tree,0.5135,0.10300135612487793,0.10300135612487793
25,4000,7,30,ball_tree,0.4905,0.10299944877624512,0.10299944877624512
25,4000,9,30,ball_tree,0.4925,0.10300183296203613,0.10300183296203613
25,4000,27,30,ball_tree,0.489,0.11300015449523926,0.11300015449523926
25,4000,65,30,ball_tree,0.5,0.1289970874786377,0.1289970874786377
25,4000,99,30,ball_tree,0.494,0.14800190925598145,0.14800190925598145
25,4000,3,100,ball_tree,0.5135,0.10500097274780273,0.10500097274780273
25,4000,7,100,ball_tree,0.4905,0.10900020599365234,0.10900020599365234
25,4000,9,100,ball_tree,0.4925,0.10899639129638672,0.10899639129638672
25,4000,27,100,ball_tree,0.489,0.11800074577331543,0.11800074577331543
25,4000,65,100,ball_tree,0.5,0.13400053977966309,0.13400053977966309
25,4000,99,100,ball_tree,0.494,0.1509993076324463,0.1509993076324463
25,4000,3,2,kd_tree,0.5135,0.10100293159484863,0.10100293159484863
25,4000,7,2,kd_tree,0.4905,0.10599803924560547,0.10599803924560547
25,4000,9,2,kd_tree,0.4925,0.10700154304504395,0.10700154304504395
25,4000,27,2,kd_tree,0.489,0.11600017547607422,0.11600017547607422
25,4000,65,2,kd_tree,0.5,0.13700556755065918,0.13700556755065918
25,4000,99,2,kd_tree,0.494,0.15599441528320312,0.15599441528320312
25,4000,3,30,kd_tree,0.5135,0.09999799728393555,0.09999799728393555
25,4000,7,30,kd_tree,0.4905,0.10100197792053223,0.10100197792053223
25,4000,9,30,kd_tree,0.4925,0.10300040245056152,0.10300040245056152
25,4000,27,30,kd_tree,0.489,0.10999703407287598,0.10999703407287598
25,4000,65,30,kd_tree,0.5,0.12100028991699219,0.12100028991699219
25,4000,99,30,kd_tree,0.494,0.13500142097473145,0.13500142097473145
25,4000,3,100,kd_tree,0.5135,0.10000038146972656,0.10000038146972656
25,4000,7,100,kd_tree,0.4905,0.10399794578552246,0.10399794578552246
25,4000,9,100,kd_tree,0.4925,0.10500168800354004,0.10500168800354004
25,4000,27,100,kd_tree,0.489,0.11100029945373535,0.11100029945373535
25,4000,65,100,kd_tree,0.5,0.12299728393554688,0.12299728393554688
25,4000,99,100,kd_tree,0.494,0.13500285148620605,0.13500285148620605
25,4000,3,2,brute,0.5135,0.19399714469909668,0.19399714469909668
25,4000,7,2,brute,0.4905,0.20400238037109375,0.20400238037109375
25,4000,9,2,brute,0.4925,0.21199750900268555,0.21199750900268555
25,4000,27,2,brute,0.489,0.20800256729125977,0.20800256729125977
25,4000,65,2,brute,0.5,0.21999740600585938,0.21999740600585938
25,4000,99,2,brute,0.494,0.23600006103515625,0.23600006103515625
25,4000,3,30,brute,0.5135,0.19300079345703125,0.19300079345703125
25,4000,7,30,brute,0.4905,0.20600223541259766,0.20600223541259766
25,4000,9,30,brute,0.4925,0.20699763298034668,0.20699763298034668
25,4000,27,30,brute,0.489,0.2090003490447998,0.2090003490447998
25,4000,65,30,brute,0.5,0.2220003604888916,0.2220003604888916
25,4000,99,30,brute,0.494,0.2349987030029297,0.2349987030029297
25,4000,3,100,brute,0.5135,0.1940004825592041,0.1940004825592041
25,4000,7,100,brute,0.4905,0.2069993019104004,0.2069993019104004
25,4000,9,100,brute,0.4925,0.2050027847290039,0.2050027847290039
25,4000,27,100,brute,0.489,0.21200060844421387,0.21200060844421387
25,4000,65,100,brute,0.5,0.22299957275390625,0.22299957275390625
25,4000,99,100,brute,0.494,0.23600053787231445,0.23600053787231445
